apple,donut,chicken,honey,oil,cooking oil,low fat yogurt,,,,,,
red wine,apple,pasta,pepper,eggs,donut,shampoo,,,,,,
banana,light cream,chicken,extra dark donut,,,,,,,,,
banana,olive oil,butter,frozen smoothie,low fat yogurt,,,,,,,,
pizza,eggs,cooking oil,,,,,,,,,,
carrot,fromage blanc,donut,,,,,,,,,,
donut,ground beef,carrot,,,,,,,,,,
carrot,tomato sauce,hot dog,olive oil,oil,donut,,,,,,,
carrot,banana,donut,,,,,,,,,,
carrot,hot dog,olive oil,almonds,eggs,,,,,,,,
donut,banana,salmon,spinach,carrot,,,,,,,,
pizza,red wine,cooking oil,,,,,,,,,,
pizza,sandwich,,,,,,,,,,,
carrot,carrot,chicken,eggs,pancakes,,,,,,,,
red wine,hot dog,,,,,,,,,,,
apple,,,,,,,,,,,,
apple,broccoli,carrot,banana,,,,,,,,,
carrot,fresh bread,,,,,,,,,,,
carrot,green tea,,,,,,,,,,,
donut,ground beef,hot dog,eggs,cookies,mushroom cream sauce,,,,,,,
donut,cookies,,,,,,,,,,,
carrot,banana,nonfat banana,pancakes,honey,cooking oil,frozen smoothie,brownies,tomato juice,,,,
pizza,broccoli,carrot,strong cheese,muffins,eggs,sandwich,yogurt cake,light mayo,green tea,,,
carrot,chicken,eggs,,,,,,,,,,
donut,,,,,,,,,,,,
donut,carrot,eggs,rice,,,,,,,,,
pizza,eggs,,,,,,,,,,,
pizza,french wine,green tea,,,,,,,,,,
sandwich,pancakes,light mayo,,,,,,,,,,
donut,eggs,sandwich,energy drink,,,,,,,,,
apple,chicken,eggs,light cream,cooking oil,cereals,green tea,,,,,,
apple,soda,,,,,,,,,,,
carrot,green tea,,,,,,,,,,,
donut,,,,,,,,,,,,
sandwich,pancakes,,,,,,,,,,,
carrot,apple,eggs,donut,frozen smoothie,protein bar,,,,,,,
pizza,grated cheese,herb & pepper,red wine,ground beef,carrot,donut,avocado,rice,cereals,pancakes,toothpaste,green tea
pizza,hot dog,eggs,,,,,,,,,,
banana,salmon,cereals,,,,,,,,,,
carrot,banana,cake,brownies,,,,,,,,,
pizza,eggs,barbecue sauce,,,,,,,,,,
carrot,eggplant,cereals,antioxydant juice,,,,,,,,,
strawberries,green tea,,,,,,,,,,,
donut,hot dog,carrot,cake,,,,,,,,,
banana,tea,frozen smoothie,tomato juice,,,,,,,,,
pizza,sandwich,,,,,,,,,,,
apple,pepper,butter,whole wheat rice,cake,donut,frozen smoothie,,,,,,
carrot,energy bar,,,,,,,,,,,
red wine,hot dog,,,,,,,,,,,
pizza,eggs,,,,,,,,,,,
carrot,meatballs,french wine,green tea,pancakes,light mayo,,,,,,,
cake,oil,,,,,,,,,,,
sandwich,,,,,,,,,,,,
sandwich,champagne,hot dogs,strawberries,,,,,,,,,
pizza,ham,parmesan cheese,ground beef,hot dog,eggs,cookies,,,,,,
red wine,honey,rice,donut,sandwich,brownies,body spray,light mayo,,,,,
pizza,eggs,cake,cereals,,,,,,,,,
sandwich,pancakes,,,,,,,,,,,
carrot,donut,,,,,,,,,,,
donut,grated cheese,carrot,olive oil,green tea,,,,,,,,
carrot,tomato sauce,hot dog,carrot,apple,olive oil,mashed potato,fresh bread,mayonnaise,green tea,,,
apple,pasta,carrot,olive oil,pancakes,hot dog,low fat yogurt,,,,,,
donut,apple,pasta,hot dog,,,,,,,,,
donut,,,,,,,,,,,,
red wine,tomato sauce,hot dog,donut,olive oil,sandwich,salt,asparagus,,,,,
apple,banana,,,,,,,,,,,
donut,escalope,,,,,,,,,,,
pizza,salmon,pancakes,sandwich,frozen smoothie,fresh bread,mint,,,,,,
car,city,ciaz,i20,i10,,,,,,,,
car,city,ciaz,i20,,,,,,,,,
car,indica,ciaz,i22,city,,,,,,,,
car,indica,ikon,i20 Hyundai,city,,,,,,,,
car,city,ikon,city,city,,,,,,,,
car,city,city,i20 Hyundai,ikon,,,,,,,,
car,i20,,i10 Hyundai,ikon,,,,,,,,
car,ciaz,i10,i10 Hyundai,ikon,,,,,,,,
car,ciaz,indica,i10 Hyundai,city,,,,,,,,
car,indica,indica,indica,ciaz,,,,,,,,
car,ciaz,indica,i10 Hyundai,ciaz,,,,,,,,
car,indica,indica,i10 Hyundai,ciaz,,,,,,,,
bicycle,scooty,luna,bike,luna,,,,,,,,
bicycle,scooty,luna,bike,vespa,,,,,,,,
bicycle,bike,scooty,bike,,,,,,,,,
bicycle,bike,scooty,scooty pept,,,,,,,,,
bicycle,bike,scooty,scooty pept,,,,,,,,,
bicycle,bike,scooty,scooty pept,,,,,,,,,
bicycle,bike,scooty,scooty pept,,,,,,,,,
bicycle,scooty,bike,scooty,,,,,,,,,
bike,scooty,Honda Bike,vespa scooter,,,,,,,,,
bike,scooty,Honda Bike,vespa scooter,,,,,,,,,
bike,scooty,Honda Bike,vespa scooter,,,,,,,,,
bike,scooty,Ranger bike,vespa scooter,,,,,,,,,
bike,hero,Ranger bike,vespa scooter,,,,,,,,,
bike,scooty pept,Ranger bike,vespa scooter,,,,,,,,,
bike,scooty pept,Hero bike,scooty,,,,,,,,,
bike,scooty pept,Hero bike,scooty pept,,,,,,,,,
bike,scooty pept,Hero bike,,,,,,,,,,
bicycle,scooty pept,Hero bike,,,,,,,,,,
toothbrush,paste,soap,shaving cream,,,,,,,,,
toothbrush,,soap,oil,,,,,,,,,
toothbrush,Colgate ToothPaste,shaving cream,shampoo,,,,,,,,,
toothbrush,Colgate ToothPaste,soap,shaving cream,,,,,,,,,
toothbrush,Patanjali Natural,shampoo,Orab B,,,,,,,,,
toothbrush,Dove,Orab B,oil,,,,,,,,,
toothbrush,Patanjali Natural,comb,Dove,,,,,,,,,
toothbrush,Dove,Orab B,soap,,,,,,,,,
toothbrush,Patanjali Natural,brush stand,Orab B,,,,,,,,,
toothbrush,Dove,shaving cream,shaving cream,,,,,,,,,
toothbrush,Pepsodent,brush stand,soap,,,,,,,,,
toothbrush,Dove,comb,shampoo,,,,,,,,,
toothbrush,Orab B,comb,shaving cream,,,,,,,,,
laptop,dell inspiron,lenovo p110,,,,,,,,,,
laptop,dell inspiron,HP Touchscreen,,,,,,,,,,
laptop,lenovo p110,HP Touchscreen,,,,,,,,,,
laptop,Hp Elite,dell inspiron,,,,,,,,,,
laptop,mouse,mouse,,,,,,,,,,
laptop,lenovo p110,dell inspiron,,,,,,,,,,
laptop,mouse,dell inspiron,,,,,,,,,,
laptop,dell inspiron,Hp Elite,,,,,,,,,,
laptop,mouse,,,,,,,,,,,
laptop,dell inspiron,lenovo p110,,,,,,,,,,
laptop,cell phone,dell inspiron,,,,,,,,,,
laptop,Hp Elite,dell inspiron,,,,,,,,,,
laptop,Hp Elite,dell inspiron,,,,,,,,,,
laptop,Hp Elite,lenovo p110,,,,,,,,,,
laptop,lenovo p110i,cell phone,,,,,,,,,,
laptop,lenovo p110i,dell inspiron,,,,,,,,,,
laptop,lenovo p110i,mouse,,,,,,,,,,
laptop,Hp Elite,lenovo p110,,,,,,,,,,
laptop,cell phone,mouse,,,,,,,,,,
laptop,mouse,mouse,,,,,,,,,,
laptop,dell inspiron,Hp Elite,,,,,,,,,,
laptop,mouse,cell phone,,,,,,,,,,
laptop,lenovo p110,lenovo p110,,,,,,,,,,
laptop,Hp Elite,mouse,,,,,,,,,,
laptop,mouse,dell inspiron,,,,,,,,,,
laptop,dell inspiron,mouse,,,,,,,,,,
laptop,cell phone,cell phone,,,,,,,,,,
laptop,HP Elite,mouse,,,,,,,,,,
laptop,lenovo p110,Hp Elite,,,,,,,,,,
refrigerator,microwave,toaster,frying pan,,,,,,,,,
refrigerator,oven,cell phone,microwave,,,,,,,,,
refrigerator,oven,cell phone,toaster,,,,,,,,,
refrigerator,tvmonitor,microwave,tvmonitor,,,,,,,,,
refrigerator,microwave,tvmonitor,microwave,,,,,,,,,
refrigerator,toaster,cell phone,toaster,,,,,,,,,
refrigerator,tvmonitor,cell phone,toaster,,,,,,,,,
refrigerator,microwave,microwave,microwave,,,,,,,,,
refrigerator,tvmonitor,,toaster,,,,,,,,,
refrigerator,microwave,cell phone,tvmonitor,,,,,,,,,
refrigerator,tvmonitor,tvmonitor,microwave,,,,,,,,,
refrigerator,cell phone,tvmonitor,cell phone,,,,,,,,,
refrigerator,oven,microwave,microwave,,,,,,,,,
refrigerator,cell phone,toaster,toaster,,,,,,,,,
refrigerator,oven,cell phone,oven,,,,,,,,,
refrigerator,tvmonitor,microwave,tvmonitor,,,,,,,,,
refrigerator,toaster,tvmonitor,tvmonitor,,,,,,,,,
refrigerator,toaster,microwave,,,,,,,,,,
refrigerator,cell phone,microwave,toaster,,,,,,,,,
refrigerator,tvmonitor,oven,microwave,,,,,,,,,
refrigerator,cell phone,microwave,cell phone,,,,,,,,,
refrigerator,tvmonitor,,microwave,,,,,,,,,
refrigerator,microwave,cell phone,tvmonitor,,,,,,,,,
refrigerator,tvmonitor,microwave,microwave,,,,,,,,,
refrigerator,microwave,microwave,cell phone,,,,,,,,,
refrigerator,toaster,tvmonitor,tvmonitor,,,,,,,,,
refrigerator,oven,tvmonitor,microwave,,,,,,,,,
refrigerator,microwave,tvmonitor,oven,,,,,,,,,
mouse,keyboard,,,,,,,,,,,
refrigerator,,,oven,,,,,,,,,
mouse,,,,,,,,,,,,
refrigerator,,,,,,,,,,,,
refrigerator,microwave,tvmonitor,cell phone,,,,,,,,,
mouse,microwave,tvmonitor,cell phone,,,,,,,,,
refrigerator,microwave,tvmonitor,cell phone,,,,,,,,,
refrigerator,microwave,tvmonitor,cell phone,,,,,,,,,
refrigerator,microwave,tvmonitor,cell phone,,,,,,,,,
mouse,laptop,tvmonitor,cell phone,,,,,,,,,
refrigerator,Haier Refrigerator,Godrej Refrigerator,Microwave Godrej,,,,,,,,,
refrigerator,Godrej Refrigerator,Microwave Godrej,Haier Refrigerator,,,,,,,,,
refrigerator,Godrej Refrigerator,Haier Refrigerator,Microwave Godrej,,,,,,,,,
cell phone,tablet HD,laptop,keyboard HP,,,,,,,,,
mouse,laptop,laptop,keyboard HP,,,,,,,,,
mouse,laptop,laptop,keyboard HP,,,,,,,,,
mouse,laptop,laptop,cell phone,,,,,,,,,
mouse,laptop,laptop,cell phone,,,,,,,,,
mouse,laptop,,cell phone,,,,,,,,,
mouse,laptop,,keyboard HP,,,,,,,,,
mouse,laptop,laptop,keyboard HP,,,,,,,,,
mouse,laptop,laptop,keyboard HP,,,,,,,,,
mouse,laptop,laptop,,,,,,,,,,
mouse,laptop,laptop,,,,,,,,,,
mouse,laptop,keyboard HP,,,,,,,,,,
mouse,laptop,keyboard HP,,,,,,,,,,
mouse,keyboard Dell,keyboard HP,,,,,,,,,,
mouse,keyboard Dell,keyboard HP,laptop,,,,,,,,,
mouse,keyboard Dell,keyboard HP,laptop,,,,,,,,,
mouse,keyboard Dell,,keyboard HP,,,,,,,,,
mouse,keyboard Dell,,keyboard HP,,,,,,,,,
mouse,keyboard Dell,Laptop HP,,,,,,,,,,
mouse,keyboard Dell,Laptop HP,,,,,,,,,,
mouse,keyboard HP,Laptop HP,,,,,,,,,,
mouse,keyboard HP,Laptop HP,,,,,,,,,,
mouse,keyboard HP,Laptop HP,,,,,,,,,,
mouse,keyboard HP,Laptop HP,,,,,,,,,,
mouse,keyboard HP,laptop,,,,,,,,,,
mouse,keyboard HP,laptop,,,,,,,,,,
mouse,keyboard HP,laptop,,,,,,,,,,
mouse,keyboard HP,laptop,,,,,,,,,,
mouse,keyboard HP,Laptop HP,,,,,,,,,,
mouse,keyboard HP,Laptop HP,laptop,,,,,,,,,
mouse,keyboard HP,Laptop HP,laptop,,,,,,,,,
mouse,keyboard HP,Laptop HP,laptop,,,,,,,,,
mouse,keyboard HP,Laptop HP,laptop,,,,,,,,,
mouse,keyboard HP,Laptop HP,,,,,,,,,,
mouse,keyboard HP,Laptop HP,,,,,,,,,,
mouse,charger,mobile,iphone,,,,,,,,,
mouse,laptop dell,dell inspiron,iphone,,,,,,,,,
mouse,keyboard HP,Laptop HP,keyboard Dell,,,,,,,,,
mouse,keyboard HP,Laptop HP,keyboard Dell,,,,,,,,,
mouse,keyboard HP,Laptop HP,keyboard Dell,,,,,,,,,
mouse,keyboard HP,Laptop HP,keyboard Dell,,,,,,,,,
mouse,keyboard HP,Laptop HP,keyboard Dell,,,,,,,,,
mouse,keyboard HP,Laptop HP,keyboard Dell,,,,,,,,,
mouse,keyboard HP,Laptop HP,,,,,,,,,,
mouse,Mobile Charger,,,,,,,,,,,
mouse,Mobile Charger,keyboard Dell,,,,,,,,,,
mouse,Mobile Charger,keyboard Dell,,,,,,,,,,
mouse,Mobile Charger,keyboard Dell,,,,,,,,,,
mouse,Mobile Charger,keyboard Dell,,,,,,,,,,
mouse,Mobile Charger,keyboard Dell,Laptop HP,,,,,,,,,
mouse,Mobile Charger,keyboard Dell,Laptop HP,,,,,,,,,
mouse,Mobile Charger,keyboard HP,Laptop HP,,,,,,,,,
mouse,Mobile Charger,keyboard HP,Laptop HP,,,,,,,,,
mouse,Mobile Charger,keyboard HP,Laptop HP,,,,,,,,,
mouse,Mobile Charger,keyboard HP,Laptop HP,,,,,,,,,
mouse,Mobile Charger,keyboard HP,Laptop HP,,,,,,,,,
mouse,Mobile Charger,HD Cable,,,,,,,,,,
mouse,Mobile Charger,HD Cable,,,,,,,,,,
mouse,Mobile Charger,HD Cable,Laptop HP Battery,,,,,,,,,
mouse,Mobile Charger,HD Cable,Laptop HP Battery,,,,,,,,,
mouse,Mobile Charger,HD Cable,Laptop HP Battery,,,,,,,,,
mouse,Mobile Charger,HD Cable,Laptop HP Battery,,,,,,,,,
mouse,Mobile Charger,HD Cable,Laptop HP Battery,,,,,,,,,
mouse,Mobile Charger,HD Cable,Laptop HP Battery,,,,,,,,,
mouse,Mobile Charger,HD Cable,Laptop HP Battery,,,,,,,,,
mouse,Mobile Charger,HD Cable,Laptop HP Battery,,,,,,,,,
mouse,Mobile Charger,HD Cable,Laptop HP Battery,,,,,,,,,
mouse,Mobile Charger,HD Cable,Laptop HP Battery,,,,,,,,,
mouse,Mobile Charger,HD Cable,Laptop HP Battery,,,,,,,,,
mouse,Mobile Charger,HD Cable,Laptop HP Battery,,,,,,,,,
mouse,Mobile Charger,HD Cable,Laptop HP Battery,,,,,,,,,
mouse,Mobile Charger,HD Cable,Laptop HP Battery,,,,,,,,,
mouse,Mobile Charger,HD Cable,Laptop HP Battery,,,,,,,,,
mouse,Mobile Charger,HD Cable,Laptop HP Battery,,,,,,,,,
mouse,Mobile Charger,HD Cable,Laptop HP Battery,,,,,,,,,
mouse,Mobile Charger,HD Cable,Laptop HP Battery,,,,,,,,,
mouse,Mobile Charger,HD Cable,Laptop HP Battery,,,,,,,,,
mouse,Mobile Charger,HD Cable,Laptop HP Battery,,,,,,,,,
mouse,Mobile Charger,HD Cable,Laptop HP Battery,,,,,,,,,
mouse,Mobile Charger,HD Cable,Laptop HP Battery,,,,,,,,,
mouse,Mobile Charger,HD Cable,Laptop HP Battery,,,,,,,,,
mouse,Mobile Charger,HD Cable,Laptop HP Battery,,,,,,,,,
mouse,Mobile Charger,HD Cable,Laptop HP Battery,,,,,,,,,
mouse,Mobile Charger,HD Cable,Laptop HP Battery,,,,,,,,,
mouse,Mobile Charger,HD Cable,Laptop HP Battery,,,,,,,,,
mouse,Mobile Charger,HD Cable,Laptop HP Battery,,,,,,,,,
mouse,Mobile Charger,HD Cable,Laptop HP Battery,,,,,,,,,
mouse,Mobile Charger,HD Cable,Laptop HP Battery,,,,,,,,,
mouse,Mobile Charger,HD Cable,Laptop HP Battery,,,,,,,,,
mouse,Mobile Charger,HD Cable,Laptop HP Battery,,,,,,,,,
mouse,Mobile Charger,HD Cable,Laptop HP Battery,,,,,,,,,
mouse,Mobile Charger,HD Cable,Laptop HP Battery,,,,,,,,,
mouse,Mobile Charger,HD Cable,Laptop HP Battery,,,,,,,,,
mouse,Mobile Charger,HD Cable,Laptop HP Battery,,,,,,,,,
mouse,Mobile Charger,HD Cable,Laptop HP Battery,,,,,,,,,
vase,bottle,clock,,,,,,,,,,
sofa,sofa,diningtable,vase,,,,,,,,,
sofa,chair,diningtable,vase,,,,,,,,,
sofa,chair,cordless,vase,,,,,,,,,
sofa,bottle,sofa,vase,,,,,,,,,
sofa,sofa,chair,vase,,,,,,,,,
sofa,photoframe,diningtable,vase,,,,,,,,,
sofa,photoframe,,vase,,,,,,,,,
vase,photoframe,teddy bear,latern,,,,,,,,,
vase,photoframe,diningtable,latern,,,,,,,,,
vase,glass,sofa,chair,,,,,,,,,
vase,glass,cordless,Mirror,,,,,,,,,
vase,pottedplant,cordless,Mirror,,,,,,,,,
vase,glass,cordless,Mirror,,,,,,,,,
vase,glass,cordless,bed,,,,,,,,,
vase,pottedplant,sofa,Mirror,,,,,,,,,
vase,glass,cordless,Mirror,,,,,,,,,
vase,glass,cordless,Mirror,,,,,,,,,
vase,sofa,cordless,Mirror,,,,,,,,,
vase,teddy bear,pottedplant,pottedplant,,,,,,,,,
diningtable,teddy bear,cordless,Mirror,,,,,,,,,
diningtable,pottedplant,cordless,vase,,,,,,,,,
diningtable,teddy bear,cordless,vase,,,,,,,,,
diningtable,teddy bear,cordless,vase,,,,,,,,,
diningtable,Red Carpet,cordless,vase,,,,,,,,,
diningtable,Red Carpet,cordless,vase,,,,,,,,,
diningtable,Red Carpet,cordless,vase,,,,,,,,,
diningtable,Red Carpet,chair,vase,,,,,,,,,
diningtable,pottedplant,cordless,vase,,,,,,,,,
vase,Red Carpet,cordless,diningtable,,,,,,,,,
vase,Red Carpet,vase,diningtable,,,,,,,,,
vase,sofa,vase,diningtable,,,,,,,,,
vase,Red Carpet,vase,diningtable,,,,,,,,,
vase,Red Carpet,vase,diningtable,,,,,,,,,
vase,Red Carpet,vase,diningtable,,,,,,,,,
vase,sofa,vase,diningtable,,,,,,,,,
vase,Red Carpet,vase,diningtable,,,,,,,,,
vase,Red Carpet,vase,diningtable,,,,,,,,,
vase,Red Carpet,vase,vase,,,,,,,,,
vase,teddy bear,vase,cordless,,,,,,,,,
vase,,vase,cordless,,,,,,,,,
vase,clock,vase,cordless,,,,,,,,,
vase,pottedplant,vase,cordless,,,,,,,,,
vase,clock,vase,cordless,,,,,,,,,
vase,clock,vase,cordless,,,,,,,,,
vase,clock,vase,cordless,,,,,,,,,
vase,clock,Red Carpet,diningtable,,,,,,,,,
vase,Flower Pot,Red Carpet,diningtable,,,,,,,,,
vase,clock,Red Carpet,diningtable,,,,,,,,,
vase,clock,Red Carpet,diningtable,,,,,,,,,
vase,Flower Pot,Red Carpet,diningtable,,,,,,,,,
vase,cordless,pottedplant,diningtable,,,,,,,,,
vase,cordless,Red Carpet,diningtable,,,,,,,,,
vase,diningtable,teddy bear,diningtable,,,,,,,,,
vase,cordless,Red Carpet,diningtable,,,,,,,,,
vase,cordless,vase,chair,,,,,,,,,
vase,Flower Pot,vase,teddy bear,,,,,,,,,
vase,cordless,vase,teddy bear,,,,,,,,,
vase,cordless,vase,teddy bear,,,,,,,,,
vase,cordless,vase,teddy bear,,,,,,,,,
vase,cordless,vase,teddy bear,,,,,,,,,
vase,cordless,vase,teddy bear,,,,,,,,,
vase,Flower Pot,vase,diningtable,,,,,,,,,
vase,pottedplant,vase,teddy bear,,,,,,,,,
vase,diningtable,vase,teddy bear,,,,,,,,,
vase,diningtable,vase,teddy bear,,,,,,,,,
vase,diningtable,vase,teddy bear,,,,,,,,,
vase,pottedplant,table stand,teddy bear,,,,,,,,,
vase,sofa,table stand,Flower Pot,,,,,,,,,
diningtable,diningtable,table stand,sofa,,,,,,,,,
diningtable,table stand,table stand,sofa,,,,,,,,,
diningtable,chair,diningtable,vase,,,,,,,,,
diningtable,chair,table stand,vase,,,,,,,,,
diningtable,Flower Pot,table stand,vase,,,,,,,,,
diningtable,Flower Pot,table stand,vase,,,,,,,,,
diningtable,Flower Pot,table stand,vase,,,,,,,,,
diningtable,Flower Pot,table stand,vase,,,,,,,,,
diningtable,chair,table stand,vase,,,,,,,,,
diningtable,chair,table stand,vase,,,,,,,,,
diningtable,chair,table stand,pottedplant,,,,,,,,,
diningtable,chair,sofa,pottedplant,,,,,,,,,
diningtable,chair,diningtable,pottedplant,,,,,,,,,
vase,sofa,diningtable,pottedplant,,,,,,,,,
vase,Flower Pot,diningtable,pottedplant,,,,,,,,,
vase,sofa,chair,pottedplant,,,,,,,,,
vase,Flower Pot,diningtable,pottedplant,,,,,,,,,
vase,Flower Pot,chair,pottedplant,,,,,,,,,
vase,Flower Pot,chair,pottedplant,,,,,,,,,
vase,Flower Pot,diningtable,pottedplant,,,,,,,,,
vase,sofa,chair,pottedplant,,,,,,,,,
vase,Flower Pot,diningtable,pottedplant,,,,,,,,,
vase,Flower Pot,chair,pottedplant,,,,,,,,,
vase,Flower Pot,chair,pottedplant,,,,,,,,,
